{"cameraMode":{"drawMode":0,"name":"Shaded","section":"Shading Mode"},"sceneLighting":true,"audioPlay":false,"sceneViewState":{"showFog":true,"showMaterialUpdate":false,"showSkybox":true,"showFlares":true,"showImageEffects":true,"showParticleSystems":true},"in2DMode":false,"pivot":{"x":57.160152435302737,"y":-33.461875915527347,"z":-9.614218711853028},"rotation":{"x":-0.18655075132846833,"y":-0.6828078031539917,"z":0.18699786067008973,"w":-0.6811867952346802},"size":96.23257446289063,"orthographic":false}