{"cameraMode":{"drawMode":0,"name":"Shaded","section":"Shading Mode"},"sceneLighting":false,"audioPlay":false,"sceneViewState":{"showFog":true,"showMaterialUpdate":false,"showSkybox":false,"showFlares":true,"showImageEffects":true,"showParticleSystems":true},"in2DMode":false,"pivot":{"x":-14.64799976348877,"y":-0.14190006256103517,"z":-11.348999977111817},"rotation":{"x":-0.1424768716096878,"y":-0.8363011479377747,"z":0.2576090097427368,"w":-0.4625467360019684},"size":9.025558471679688,"orthographic":false}