{"cameraMode":{"drawMode":0,"name":"Shaded","section":"Shading Mode"},"sceneLighting":false,"audioPlay":false,"sceneViewState":{"showFog":true,"showMaterialUpdate":false,"showSkybox":false,"showFlares":true,"showImageEffects":true,"showParticleSystems":true},"in2DMode":false,"pivot":{"x":0.37400001287460329,"y":1.246000051498413,"z":0.89000004529953},"rotation":{"x":-0.007803349290043116,"y":-0.03807738050818443,"z":0.0002994634851347655,"w":-0.999254047870636},"size":1.5467935800552369,"orthographic":false}