{"cameraMode":{"drawMode":0,"name":"Shaded","section":"Shading Mode"},"sceneLighting":false,"audioPlay":false,"sceneViewState":{"showFog":true,"showMaterialUpdate":false,"showSkybox":false,"showFlares":true,"showImageEffects":true,"showParticleSystems":true},"in2DMode":false,"pivot":{"x":-6.215000152587891,"y":-0.9959999918937683,"z":-2.181999921798706},"rotation":{"x":-0.1424768716096878,"y":-0.8363011479377747,"z":0.2576090097427368,"w":-0.4625467360019684},"size":4.137545585632324,"orthographic":false}