{"cameraMode":{"drawMode":0,"name":"Shaded","section":"Shading Mode"},"sceneLighting":false,"audioPlay":false,"sceneViewState":{"showFog":true,"showMaterialUpdate":false,"showSkybox":false,"showFlares":true,"showImageEffects":true,"showParticleSystems":true},"in2DMode":false,"pivot":{"x":-14.64799976348877,"y":-0.14190006256103517,"z":-11.348999977111817},"rotation":{"x":0.13605718314647675,"y":-0.016941765323281289,"z":0.002326998859643936,"w":0.9905543923377991},"size":9.025558471679688,"orthographic":false}