{"cameraMode":{"drawMode":0,"name":"Shaded","section":"Shading Mode"},"sceneLighting":true,"audioPlay":false,"sceneViewState":{"showFog":true,"showMaterialUpdate":false,"showSkybox":true,"showFlares":true,"showImageEffects":true,"showParticleSystems":true},"in2DMode":false,"pivot":{"x":-8.25636100769043,"y":0.5166544914245606,"z":-6.719728469848633},"rotation":{"x":-0.11206062138080597,"y":-0.7050633430480957,"z":0.1143689826130867,"w":-0.6908408403396606},"size":16.000892639160158,"orthographic":false}